NEW_EVENT_TAG,Throne of Skulls Escalation,08-02-2020,5
Brad Glover,-,5/0/0
Jack Morton,-,4/1/0
Micheal Brown,-,4/0/1
Phillip Morton,-,4/0/1
Danny Cashman,-,4/0/1
James Field,-,4/0/1
Jon Keightley,-,4/0/1
David Ellis,-,4/0/1
Willam Metcalf,-,4/0/1
Graeme Purcifer,-,4/0/1
Will Spencer,-,4/0/1
Micheal Cook,-,3/1/1
Jamie White,-,3/1/1
Lucas Freed,-,3/0/2
Daz Brain,-,3/0/2
Dan Wright,-,3/1/1
Jes Bickham,-,3/0/2
Liam Baddeley,-,3/0/2
Mathew Large,-,3/1/1
William Holley,-,3/0/2
Jim Wilson,-,3/0/2
James Dean,-,3/0/2
Gareth Whitchurch,Monsters Of Destruction,3/0/2
Thomas Dynan,-,3/0/2
Sam Woodbridge-stocks,-,3/0/2
Dean Lymath,-,3/0/2
Will Rose,-,3/0/2
Dylan Baker,-,3/0/2
Tom Bridges,-,3/0/1
Stuart Hilton,-,3/0/2
Anthony Poole,-,3/0/2
Ceri Robson,-,2/1/2
Jason Hodgkinson,-,2/1/2
Rich Packer,-,3/0/2
Leighton Krokoszynski,-,3/0/2
Chris Lewis,-,2/0/3
Stephen Smith,-,2/0/3
Lawrance East,-,2/0/3
Alex Jones,-,2/0/3
Will Hodgson,-,2/1/2
James Karch,-,2/0/3
Mark Stone,-,2/0/3
Daniel Bromley,-,2/0/3
Calvin Clarke,-,2/0/3
Stu Millar,-,2/0/3
Chris Swift,-,2/0/3
Joe Shepherd,-,2/0/3
Dean Garnhan,-,2/0/3
Toby Durr,-,1/2/2
Carl Kennard,-,2/0/3
Joseph Webster,-,2/0/3
Andy Woods,-,2/0/3
Lee Maddison,-,1/1/3
Elliot Oneil,-,2/0/3
Jamie Muscroft,-,1/1/3
Daniel Allen,-,1/0/4
Dave Wright,-,1/0/4
Ricky Smith,-,1/0/4
Paul Litherland,-,1/1/3
Rob Stevens,-,1/0/4
Liam Durr,-,1/0/4
Chris Kirby,-,1/0/4
John Findle,-,1/0/4
Scott Baker,-,1/0/4
James Watterson,-,1/0/4
Johnathan Grey,-,0/1/4
James Littler,-,0/0/4
Buddy Laine,-,0/0/5
Brad Glover,Phillip Morton,Brad Glover,Willam Metcalf,Brad Glover,Stephen Smith,Brad Glover,Rob Stevens,Brad Glover,Daniel Allen
Jack Morton,Graeme Purcifer,Jack Morton,Leighton Krokoszynski,Jack Morton,Ceri Robson,Jack Morton,Dan Wright,Jack Morton,Buddy Laine
Micheal Brown,Sam Woodbridge-stocks,Micheal Brown,Liam Baddeley,Micheal Brown,Jim Wilson,Micheal Brown,Danny Cashman,David Ellis,Micheal Brown
Brad Glover,Phillip Morton,Phillip Morton,Will Rose,Phillip Morton,Gareth Whitchurch,Phillip Morton,William Holley,Phillip Morton,John Findle
Danny Cashman,Thomas Dynan,Danny Cashman,Calvin Clarke,Danny Cashman,Mark Stone,Micheal Brown,Danny Cashman,Danny Cashman,James Field
James Field,William Holley,James Field,Dan Wright,James Field,Jamie Muscroft,James Field,Carl Kennard,Danny Cashman,James Field
Jon Keightley,Will Rose,Graeme Purcifer,Jon Keightley,Jon Keightley,Liam Baddeley,Jon Keightley,Tom Bridges,Jon Keightley,Paul Litherland
David Ellis,Daz Brain,David Ellis,Stephen Smith,Willam Metcalf,David Ellis,David Ellis,Jim Wilson,David Ellis,Micheal Brown
Willam Metcalf,Anthony Poole,Brad Glover,Willam Metcalf,Willam Metcalf,David Ellis,Willam Metcalf,Stu Millar,Willam Metcalf,Jason Hodgkinson
Jack Morton,Graeme Purcifer,Graeme Purcifer,Jon Keightley,Graeme Purcifer,Will Spencer,Graeme Purcifer,Jes Bickham,Graeme Purcifer,Liam Durr
Will Spencer,Rob Stevens,Will Spencer,Stuart Hilton,Graeme Purcifer,Will Spencer,Will Spencer,Calvin Clarke,Will Spencer,Micheal Cook
Micheal Cook,Leighton Krokoszynski,Micheal Cook,Mark Stone,Micheal Cook,Jamie White,Micheal Cook,Liam Durr,Will Spencer,Micheal Cook
Jamie White,Ceri Robson,Jamie White,Lee Maddison,Micheal Cook,Jamie White,Dean Lymath,Jamie White,Jamie White,Thomas Dynan
Lucas Freed,Chris Swift,Lucas Freed,Ricky Smith,Lucas Freed,Chris Kirby,Stuart Hilton,Lucas Freed,William Holley,Lucas Freed
David Ellis,Daz Brain,Daz Brain,Jes Bickham,Daz Brain,Carl Kennard,Stephen Smith,Daz Brain,Daz Brain,Lawrance East
Dan Wright,Stephen Smith,James Field,Dan Wright,Dan Wright,Lee Maddison,Jack Morton,Dan Wright,Dan Wright,Daniel Bromley
Jes Bickham,Stu Millar,Daz Brain,Jes Bickham,Jes Bickham,Joe Shepherd,Graeme Purcifer,Jes Bickham,Jes Bickham,Sam Woodbridge
Liam Baddeley,Daniel Bromley,Micheal Brown,Liam Baddeley,Jon Keightley,Liam Baddeley,Liam Baddeley,Chris Swift,Liam Baddeley,Johnathan Grey
Mathew Large,Joe Shepherd,Mathew Large,Scott Baker,Mathew Large,Will Hodgson,Mathew Large,Dylan Baker,Stephen Smith,Mathew Large
James Field,William Holley,William Holley,Chris Swift,William Holley,Ricky Smith,Phillip Morton,William Holley,William Holley,Lucas Freed
Jim Wilson,James Karch,Jim Wilson,Liam Durr,Micheal Brown,Jim Wilson,David Ellis,Jim Wilson,Jim Wilson,James Dean
James Dean,Will Hodgson,James Dean,Alex Jones,James Dean,James Littler,Thomas Dynan,James Dean,Jim Wilson,James Dean
Gareth Whitchurch,Calvin Clarke,Daniel Bromley,Gareth Whitchurch,Phillip Morton,Gareth Whitchurch,Gareth Whitchurch,Alex Jones,Gareth Whitchurch,Joe Shepherd
Danny Cashman,Thomas Dynan,Thomas Dynan,Daniel Allen,Thomas Dynan,Daniel Bromley,Thomas Dynan,James Dean,Jamie White,Thomas Dynan
Micheal Brown,Sam Woodbridge-stocks,Sam Woodbridge-stocks,Andy Woods,Sam Woodbridge-stocks,Alex Jones,Sam Woodbridge-stocks,Lawrance East,Jes Bickham,Sam Woodbridge
Dean Lymath,Andy Woods,Anthony Poole,Dean Lymath,Leighton Krokoszynski,Dean Lymath,Dean Lymath,Jamie White,Dean Lymath,Chris Lewis
Jon Keightley,Will Rose,Phillip Morton,Will Rose,Will Rose,Anthony Poole,Will Rose,Rich Packer,Will Rose,Joseph Webster
Dylan Baker,Elliot Oneil,Dylan Baker,Carl Kennard,Dylan Baker,Johnathan Grey,Mathew Large,Dylan Baker,James Watterson,Dylan Baker
Tom Bridges,Rich Packer,Tom Bridges,Chris Lewis,Jon Keightley,Tom Bridges,Tom Bridges,Scott Baker
Stuart Hilton,Joseph Webster,Will Spencer,Stuart Hilton,Stuart Hilton,Rob Stevens,Stuart Hilton,Lucas Freed,Andy Woods,Stuart Hilton
Willam Metcalf,Anthony Poole,Anthony Poole,Dean Lymath,Will Rose,Anthony Poole,Anthony Poole,James Watterson,Anthony Poole,Dean Garnhan
Jamie White,Ceri Robson,Ceri Robson,Elliot Oneil,Jack Morton,Ceri Robson,Ceri Robson,Will Hodgson
Jason Hodgkinson,Lee Maddison,Jason Hodgkinson,James Littler,Dean Garnhan,Jason Hodgkinson,Toby Durr,Jason Hodgkinson,Willam Metcalf,Jason Hodgkinson
Rich Packer,Paul Litherland,Tom Bridges,Rich Packer,Rich Packer,Toby Durr,Will Rose,Rich Packer,Rich Packer,Mark Stone
Micheal Cook,Leighton Krokoszynski,Jack Morton,Leighton Krokoszynski,Leighton Krokoszynski,Dean Lymath,Leighton Krokoszynski,Andy Woods,Leighton Krokoszynski,Dave Wright
Chris Lewis,Liam Durr,Joe Shepherd,Chris Lewis,Tom Bridges,Chris Lewis,Chris Lewis,Chris Kirby,Dean Lymath,Chris Lewis
Dan Wright,Stephen Smith,David Ellis,Stephen Smith,Brad Glover,Stephen Smith,Stephen Smith,Daz Brain,Stephen Smith,Mathew Large
Lawrance East,Scott Baker,Lawrance East,Johnathan Grey,Daniel Allen,Lawrance East,Sam Woodbridge-stocks,Lawrance East,Daz Brain,Lawrance East
Alex Jones,Daniel Allen,James Dean,Alex Jones,Sam Woodbridge-stocks,Alex Jones,Gareth Whitchurch,Alex Jones,Alex Jones,Jamie Muscroft
James Dean,Will Hodgson,Will Hodgson,Rob Stevens,Mathew Large,Will Hodgson,Ceri Robson,Will Hodgson,Will Hodgson,James Karch
Jim Wilson,James Karch,James Karch,Dean Garnhan,Andy Woods,James Karch,James Karch,Dave Wright,Will Hodgson,James Karch
Mark Stone,Ricky Smith,Micheal Cook,Mark Stone,Danny Cashman,Mark Stone,Mark Stone,Buddy Laine,Rich Packer,Mark Stone
Liam Baddeley,Daniel Bromley,Daniel Bromley,Gareth Whitchurch,Thomas Dynan,Daniel Bromley,Daniel Bromley,Joseph Webster,Dan Wright,Daniel Bromley
Gareth Whitchurch,Calvin Clarke,Danny Cashman,Calvin Clarke,Calvin Clarke,Scott Baker,Will Spencer,Calvin Clarke,Calvin Clarke,Chris Kirby
Jes Bickham,Stu Millar,Stu Millar,Jamie Muscroft,Chris Swift,Stu Millar,Willam Metcalf,Stu Millar,Stu Millar,Toby Durr
Lucas Freed,Chris Swift,William Holley,Chris Swift,Chris Swift,Stu Millar,Liam Baddeley,Chris Swift,Chris Swift,Ricky Smith
Mathew Large,Joe Shepherd,Joe Shepherd,Chris Lewis,Jes Bickham,Joe Shepherd,Joe Shepherd,Johnathan Grey,Gareth Whitchurch,Joe Shepherd
Dean Garnhan,Dave Wright,James Karch,Dean Garnhan,Dean Garnhan,Jason Hodgkinson,Lee Maddison,Dean Garnhan,Anthony Poole,Dean Garnhan
Toby Durr,Chris Kirby,Paul Litherland,Toby Durr,Rich Packer,Toby Durr,Toby Durr,Jason Hodgkinson,Stu Millar,Toby Durr
Carl Kennard,James Watterson,Dylan Baker,Carl Kennard,Daz Brain,Carl Kennard,James Field,Carl Kennard,Carl Kennard,Elliot Oneil
Stuart Hilton,Joseph Webster,Joseph Webster,James Watterson,Joseph Webster,John Findle,Daniel Bromley,Joseph Webster,Will Rose,Joseph Webster
Dean Lymath,Andy Woods,Sam Woodbridge-stocks,Andy Woods,Andy Woods,James Karch,Leighton Krokoszynski,Andy Woods,Andy Woods,Stuart Hilton
Jason Hodgkinson,Lee Maddison,Jamie White,Lee Maddison,Dan Wright,Lee Maddison,Lee Maddison,Dean Garnhan
Dylan Baker,Elliot Oneil,Ceri Robson,Elliot Oneil,Elliot Oneil,James Watterson,Elliot Oneil,Daniel Allen,Carl Kennard,Elliot Oneil
Johnathan Grey,Jamie Muscroft,Stu Millar,Jamie Muscroft,James Field,Jamie Muscroft,Jamie Muscroft,John Findle,Alex Jones,Jamie Muscroft
Alex Jones,Daniel Allen,Thomas Dynan,Daniel Allen,Daniel Allen,Lawrance East,Elliot Oneil,Daniel Allen,Brad Glover,Daniel Allen
Dean Garnhan,Dave Wright,Dave Wright,Buddy Laine,Paul Litherland,Dave Wright,James Karch,Dave Wright,Leighton Krokoszynski,Dave Wright
Mark Stone,Ricky Smith,Lucas Freed,Ricky Smith,William Holley,Ricky Smith,Ricky Smith,Paul Litherland,Chris Swift,Ricky Smith
Rich Packer,Paul Litherland,Paul Litherland,Toby Durr,Paul Litherland,Dave Wright,Ricky Smith,Paul Litherland,Jon Keightley,Paul Litherland
Will Spencer,Rob Stevens,Will Hodgson,Rob Stevens,Stuart Hilton,Rob Stevens,Brad Glover,Rob Stevens,Rob Stevens,James Littler
Chris Lewis,Liam Durr,Jim Wilson,Liam Durr,Liam Durr,Buddy Laine,Micheal Cook,Liam Durr,Graeme Purcifer,Liam Durr
Toby Durr,Chris Kirby,Chris Kirby,John Findle,Lucas Freed,Chris Kirby,Chris Lewis,Chris Kirby,Calvin Clarke,Chris Kirby
John Findle,Buddy Laine,Chris Kirby,John Findle,Joseph Webster,John Findle,Jamie Muscroft,John Findle,Phillip Morton,John Findle
Lawrance East,Scott Baker,Mathew Large,Scott Baker,Calvin Clarke,Scott Baker,Scott Baker,James Littler,Tom Bridges,Scott Baker
Carl Kennard,James Watterson,Joseph Webster,James Watterson,Elliot Oneil,James Watterson,Anthony Poole,James Watterson,James Watterson,Dylan Baker
Johnathan Grey,Jamie Muscroft,Lawrance East,Johnathan Grey,Dylan Baker,Johnathan Grey,Joe Shepherd,Johnathan Grey,Liam Baddeley,Johnathan Grey
Jason Hodgkinson,James Littler,James Dean,James Littler,Scott Baker,James Littler,Rob Stevens,James Littler
John Findle,Buddy Laine,Dave Wright,Buddy Laine,Liam Durr,Buddy Laine,Mark Stone,Buddy Laine,Jack Morton,Buddy Laine
